<?xml version="1.0" encoding="UTF-8"?>
<!DOCTYPE suite SYSTEM "https://testng.org/testng-1.0.dtd">

<!--
    testng.xml - TestNG Suite Configuration
    =========================================
    Runs test classes sequentially (one browser per class, one at a time).
    Each class manages its own browser lifecycle via initDriver/quitDriver.
-->

<suite name="YouTube Automation Suite" parallel="none" verbose="2">

    <test name="Homepage Tests" preserve-order="true">
        <classes>
            <class name="tests.HomePageTest"/>
        </classes>
    </test>

    <test name="Search Tests" preserve-order="true">
        <classes>
            <class name="tests.SearchTest"/>
        </classes>
    </test>

    <test name="Video Player Tests" preserve-order="true">
        <classes>
            <class name="tests.VideoPlayerTest"/>
        </classes>
    </test>

</suite>
