<?xml version="1.0" encoding="UTF-8"?>
<!DOCTYPE suite SYSTEM "https://testng.org/testng-1.0.dtd">

<!--
    testng.xml - TestNG Suite Configuration
    =========================================
    Runs all 3 test classes in parallel (each class in its own thread/browser).
    Groups are defined so you can run only 'smoke' or 'regression' tests.
-->

<suite name="YouTube Automation Suite" parallel="classes" thread-count="3" verbose="2">

    <!-- ─── Smoke Tests (quick, critical path) ─────────────────────────── -->
    <groups>
        <run>
            <!-- To run only smoke tests: mvn test -Dgroups=smoke -->
            <!-- To run only regression: mvn test -Dgroups=regression -->
            <include name="smoke"/>
            <include name="regression"/>
        </run>
    </groups>

    <!-- ─── Test Classes ────────────────────────────────────────────────── -->
    <test name="Homepage Tests" preserve-order="true">
        <classes>
            <class name="tests.HomePageTest"/>
        </classes>
    </test>

    <test name="Search Tests" preserve-order="true">
        <classes>
            <class name="tests.SearchTest"/>
        </classes>
    </test>

    <test name="Video Player Tests" preserve-order="true">
        <classes>
            <class name="tests.VideoPlayerTest"/>
        </classes>
    </test>

</suite>
